name,price,description,image_url,product_url,category
Unknown Product,150.0,,https://assets.shopdydy.com/assets/images/thumbnails/1726662075uiGWkPUv.jpg,https://shopdydy.com/category/electronics,Electronics
Unknown Product,699.0,,https://assets.shopdydy.com/assets/images/thumbnails/1726661869CDZzrWQX.jpg,https://shopdydy.com/category/electronics,Electronics
Unknown Product,1980.0,,https://assets.shopdydy.com/assets/images/thumbnails/1726661781ySEYk8Kf.jpg,https://shopdydy.com/category/electronics,Electronics
Unknown Product,1680.0,,https://assets.shopdydy.com/assets/images/thumbnails/1726661650MfF7exeS.jpg,https://shopdydy.com/category/electronics,Electronics
Unknown Product,1899.0,,https://assets.shopdydy.com/assets/images/thumbnails/1726661468UEsAKJVc.jpg,https://shopdydy.com/category/electronics,Electronics
Unknown Product,1500.0,,https://assets.shopdydy.com/assets/images/thumbnails/1726661305vqFtaR0F.jpg,https://shopdydy.com/category/electronics,Electronics
Unknown Product,2699.0,,https://assets.shopdydy.com/assets/images/thumbnails/1726661144hK8fBi0X.jpg,https://shopdydy.com/category/electronics,Electronics
Unknown Product,1799.0,,https://assets.shopdydy.com/assets/images/thumbnails/1726660982bFm2rfhn.jpg,https://shopdydy.com/category/electronics,Electronics
Unknown Product,1999.0,,https://assets.shopdydy.com/assets/images/thumbnails/1726660872Cz7Ww8Lg.jpg,https://shopdydy.com/category/electronics,Electronics
Unknown Product,2800.0,,https://assets.shopdydy.com/assets/images/thumbnails/1726660749yY71CUev.jpg,https://shopdydy.com/category/electronics,Electronics
Unknown Product,1499.0,,https://assets.shopdydy.com/assets/images/thumbnails/17266604952Sn2Vh8f.jpg,https://shopdydy.com/category/electronics,Electronics
Unknown Product,1188.0,,https://assets.shopdydy.com/assets/images/thumbnails/1689595262KWK1FXAf.jpg,https://shopdydy.com/category/electronics/computing,Electronics > Computing
Unknown Product,300.0,,https://assets.shopdydy.com/assets/images/thumbnails/1689593630ESQeK4Ze.jpg,https://shopdydy.com/category/electronics/computing,Electronics > Computing
Unknown Product,671.0,,https://assets.shopdydy.com/assets/images/thumbnails/1689590627LfJs04yc.jpg,https://shopdydy.com/category/electronics/computing,Electronics > Computing
Unknown Product,1069.0,,https://assets.shopdydy.com/assets/images/thumbnails/1689589366UyC0DQxS.jpg,https://shopdydy.com/category/electronics/computing,Electronics > Computing
Unknown Product,250.0,,https://assets.shopdydy.com/assets/images/thumbnails/16889578744GM7v42j.jpg,https://shopdydy.com/category/electronics/computing,Electronics > Computing
Unknown Product,2600.0,,https://assets.shopdydy.com/assets/images/thumbnails/1688957603dkxYZVXi.jpg,https://shopdydy.com/category/electronics/computing,Electronics > Computing
Unknown Product,350.0,,https://assets.shopdydy.com/assets/images/thumbnails/1688956177RiQMaIEQ.jpg,https://shopdydy.com/category/electronics/computing,Electronics > Computing
Unknown Product,9999.0,,https://assets.shopdydy.com/assets/images/thumbnails/1688878243YMis7eZC.jpg,https://shopdydy.com/category/electronics/computing,Electronics > Computing
Unknown Product,2100.0,,https://assets.shopdydy.com/assets/images/thumbnails/16888771777x7izmHN.jpg,https://shopdydy.com/category/electronics/computing,Electronics > Computing
Unknown Product,1100.0,,https://assets.shopdydy.com/assets/images/thumbnails/1688871344J7qDwD8E.jpg,https://shopdydy.com/category/electronics/computing,Electronics > Computing
Unknown Product,900.0,,https://assets.shopdydy.com/assets/images/thumbnails/16888706880CMllmXF.jpg,https://shopdydy.com/category/electronics/computing,Electronics > Computing
Unknown Product,899.0,,https://assets.shopdydy.com/assets/images/thumbnails/1666089327AgQmw5Yh.jpg,https://shopdydy.com/category/electronics/computing,Electronics > Computing
Unknown Product,950.0,,https://assets.shopdydy.com/assets/images/thumbnails/1665495582uA1fPv56.jpg,https://shopdydy.com/category/electronics/computing/networking,Electronics > Computing > Networking
Unknown Product,600.0,,https://assets.shopdydy.com/assets/images/thumbnails/1705668836OP7ag0BW.jpg,https://shopdydy.com/category/electronics/photography-camera,Electronics > Photography Camera
Unknown Product,200.0,,https://assets.shopdydy.com/assets/images/thumbnails/1689675152JAKGb0Df.jpg,https://shopdydy.com/category/electronics/photography-camera,Electronics > Photography Camera
Unknown Product,290.0,,https://assets.shopdydy.com/assets/images/thumbnails/1689674767aCsICHSK.jpg,https://shopdydy.com/category/electronics/photography-camera,Electronics > Photography Camera
Unknown Product,410.0,,https://assets.shopdydy.com/assets/images/thumbnails/1689596016WF5apXhD.jpg,https://shopdydy.com/category/electronics/photography-camera,Electronics > Photography Camera
Unknown Product,1299.0,,https://assets.shopdydy.com/assets/images/thumbnails/1689595730pJ6wh06W.jpg,https://shopdydy.com/category/electronics/photography-camera,Electronics > Photography Camera
Unknown Product,331.0,,https://assets.shopdydy.com/assets/images/thumbnails/16892528063FKe1qW3.jpg,https://shopdydy.com/category/electronics/photography-camera,Electronics > Photography Camera
Unknown Product,138.0,,https://assets.shopdydy.com/assets/images/thumbnails/1689252660VZZxhCt2.jpg,https://shopdydy.com/category/electronics/photography-camera,Electronics > Photography Camera
Unknown Product,1699.0,,https://assets.shopdydy.com/assets/images/thumbnails/1689251934XHo6rCQv.jpg,https://shopdydy.com/category/electronics/photography-camera,Electronics > Photography Camera
Unknown Product,400.0,,https://assets.shopdydy.com/assets/images/thumbnails/1689251350vnQTxbL0.jpg,https://shopdydy.com/category/electronics/photography-camera,Electronics > Photography Camera
Unknown Product,1050.0,,https://assets.shopdydy.com/assets/images/thumbnails/1689249939yuY2nlRW.jpg,https://shopdydy.com/category/electronics/photography-camera,Electronics > Photography Camera
Unknown Product,45.0,,https://assets.shopdydy.com/assets/images/thumbnails/1689678967MPNnXJxe.jpg,https://shopdydy.com/category/electronics/accessories,Electronics > Accessories
Unknown Product,130.0,,https://assets.shopdydy.com/assets/images/thumbnails/1689678305CJjxb3st.jpg,https://shopdydy.com/category/electronics/accessories,Electronics > Accessories
Unknown Product,65.0,,https://assets.shopdydy.com/assets/images/thumbnails/1689678116fVIblJDh.jpg,https://shopdydy.com/category/electronics/accessories,Electronics > Accessories
Unknown Product,68.0,,https://assets.shopdydy.com/assets/images/thumbnails/16896777604y8mJc9z.jpg,https://shopdydy.com/category/electronics/accessories,Electronics > Accessories
Unknown Product,40.0,,https://assets.shopdydy.com/assets/images/thumbnails/1689677249JvMlR9eS.jpg,https://shopdydy.com/category/electronics/accessories,Electronics > Accessories
Unknown Product,55.0,,https://assets.shopdydy.com/assets/images/thumbnails/1689676829BfXkzVNs.jpg,https://shopdydy.com/category/electronics/accessories,Electronics > Accessories
Unknown Product,50.0,,https://assets.shopdydy.com/assets/images/thumbnails/1689676680pxFO2vt1.jpg,https://shopdydy.com/category/electronics/accessories,Electronics > Accessories
Unknown Product,49.0,,https://assets.shopdydy.com/assets/images/thumbnails/1689675791E8jfjKc8.jpg,https://shopdydy.com/category/electronics/accessories,Electronics > Accessories
Unknown Product,2899.0,,https://assets.shopdydy.com/assets/images/thumbnails/1688874775CJ8WaVZa.jpg,https://shopdydy.com/category/electronics/printers,Electronics > Printers
Unknown Product,5499.0,,https://assets.shopdydy.com/assets/images/thumbnails/1688873918P1OTfeAJ.jpg,https://shopdydy.com/category/electronics/printers,Electronics > Printers
Unknown Product,8700.0,,https://assets.shopdydy.com/assets/images/thumbnails/16888735284wztK5Ij.jpg,https://shopdydy.com/category/electronics/printers,Electronics > Printers
Unknown Product,460.0,,https://assets.shopdydy.com/assets/images/thumbnails/1689157824OVrdM2IL.jpg,https://shopdydy.com/category/electronics/headsets,Electronics > Headsets
Unknown Product,299.0,,https://assets.shopdydy.com/assets/images/thumbnails/1688981746rRx7IZUG.jpg,https://shopdydy.com/category/electronics/headsets,Electronics > Headsets
Unknown Product,620.0,,https://assets.shopdydy.com/assets/images/thumbnails/1688993423bEUgrrVJ.jpg,https://shopdydy.com/category/electronics/storage,Electronics > Storage
Unknown Product,480.0,,https://assets.shopdydy.com/assets/images/thumbnails/1688993059wb7D34qR.jpg,https://shopdydy.com/category/electronics/storage,Electronics > Storage
Unknown Product,530.0,,https://assets.shopdydy.com/assets/images/thumbnails/1688992981kmJ2zVD5.jpg,https://shopdydy.com/category/electronics/storage,Electronics > Storage
Unknown Product,999.0,,https://assets.shopdydy.com/assets/images/thumbnails/1688992839RCKNGRAz.jpg,https://shopdydy.com/category/electronics/storage,Electronics > Storage
Unknown Product,360.0,,https://assets.shopdydy.com/assets/images/thumbnails/1688992710o7C8Ikbu.jpg,https://shopdydy.com/category/electronics/storage,Electronics > Storage
Unknown Product,310.0,,https://assets.shopdydy.com/assets/images/thumbnails/1688987018D2LBVyfD.jpg,https://shopdydy.com/category/electronics/storage,Electronics > Storage
Unknown Product,580.0,,https://assets.shopdydy.com/assets/images/thumbnails/16889857252LBAXzks.jpg,https://shopdydy.com/category/electronics/storage,Electronics > Storage
Unknown Product,840.0,,https://assets.shopdydy.com/assets/images/thumbnails/1688985199VJUHF7WT.jpg,https://shopdydy.com/category/electronics/storage,Electronics > Storage
Unknown Product,490.0,,https://assets.shopdydy.com/assets/images/thumbnails/1666082289MXruP02m.jpg,https://shopdydy.com/category/electronics/storage,Electronics > Storage
Unknown Product,105.0,,https://assets.shopdydy.com/assets/images/thumbnails/1666081850eYPRODoP.jpg,https://shopdydy.com/category/electronics/storage,Electronics > Storage
Unknown Product,399.0,,https://assets.shopdydy.com/assets/images/thumbnails/16660804340vYanVR1.jpg,https://shopdydy.com/category/electronics/storage,Electronics > Storage
Unknown Product,15.0,,https://assets.shopdydy.com/assets/images/thumbnails/1666093290bTCIQMAQ.jpg,https://shopdydy.com/category/electronics/cables,Electronics > Cables
Unknown Product,35.0,,https://assets.shopdydy.com/assets/images/thumbnails/1666091900fi2rtllV.jpg,https://shopdydy.com/category/electronics/cables,Electronics > Cables
Unknown Product,120.0,,https://assets.shopdydy.com/assets/images/thumbnails/16660917220U9EFylB.jpg,https://shopdydy.com/category/electronics/cables,Electronics > Cables
Unknown Product,25.0,,https://assets.shopdydy.com/assets/images/thumbnails/16660821159l0sQYDm.jpg,https://shopdydy.com/category/electronics/cables,Electronics > Cables
Unknown Product,30.0,,https://assets.shopdydy.com/assets/images/thumbnails/1666015948loZ1NAB0.jpg,https://shopdydy.com/category/electronics/cables,Electronics > Cables
Unknown Product,60.0,,https://assets.shopdydy.com/assets/images/thumbnails/1666015519W9ihGc4J.jpg,https://shopdydy.com/category/electronics/cables,Electronics > Cables
Unknown Product,340.0,,https://assets.shopdydy.com/assets/images/thumbnails/1666080698ynrQYuHs.jpg,https://shopdydy.com/category/electronics/vlogging,Electronics > Vlogging
Unknown Product,75.0,,https://assets.shopdydy.com/assets/images/thumbnails/1689678005iTGrZbvP.jpg,https://shopdydy.com/category/electronics/adaptor,Electronics > Adaptor
Unknown Product,330.0,,https://assets.shopdydy.com/assets/images/thumbnails/1689601006mS6EREVZ.jpg,https://shopdydy.com/category/electronics/adaptor,Electronics > Adaptor
Unknown Product,499.0,,https://assets.shopdydy.com/assets/images/thumbnails/1689599674QQAfX46P.jpg,https://shopdydy.com/category/electronics/adaptor,Electronics > Adaptor
Unknown Product,1300.0,,https://assets.shopdydy.com/assets/images/thumbnails/1689595547EwYUQtdj.jpg,https://shopdydy.com/category/electronics/adaptor,Electronics > Adaptor
Unknown Product,1200.0,,https://assets.shopdydy.com/assets/images/thumbnails/1689595416aotwwNMc.jpg,https://shopdydy.com/category/electronics/adaptor,Electronics > Adaptor
Unknown Product,389.0,,https://assets.shopdydy.com/assets/images/thumbnails/16895942976zdstqYY.jpg,https://shopdydy.com/category/electronics/adaptor,Electronics > Adaptor
Unknown Product,599.0,,https://assets.shopdydy.com/assets/images/thumbnails/1689593168UMtgBPna.jpg,https://shopdydy.com/category/electronics/adaptor,Electronics > Adaptor
Unknown Product,199.0,,https://assets.shopdydy.com/assets/images/thumbnails/1689591001QJyfYTX6.jpg,https://shopdydy.com/category/electronics/adaptor,Electronics > Adaptor
Unknown Product,450.0,,https://assets.shopdydy.com/assets/images/thumbnails/1689597214LPlml3SJ.jpg,https://shopdydy.com/category/electronics/ink,Electronics > Ink
Unknown Product,160.0,,https://assets.shopdydy.com/assets/images/thumbnails/1665967317syi0Ouku.jpg,https://shopdydy.com/category/electronics/ink,Electronics > Ink
Unknown Product,195.0,,https://assets.shopdydy.com/assets/images/thumbnails/1665966739NeTc4fWH.jpg,https://shopdydy.com/category/electronics/ink,Electronics > Ink
Unknown Product,228.0,,https://assets.shopdydy.com/assets/images/thumbnails/16657450302VmrYSLF.jpg,https://shopdydy.com/category/electronics/ink,Electronics > Ink
Unknown Product,216.0,,https://assets.shopdydy.com/assets/images/thumbnails/1665742611hQTfnNKA.jpg,https://shopdydy.com/category/electronics/ink,Electronics > Ink
Unknown Product,1030.0,,https://assets.shopdydy.com/assets/images/thumbnails/1666000609AMe0FUYC.jpg,https://shopdydy.com/category/electronics/toners,Electronics > Toners
Unknown Product,1155.0,,https://assets.shopdydy.com/assets/images/thumbnails/16660001533934UVe8.jpg,https://shopdydy.com/category/electronics/toners,Electronics > Toners
Unknown Product,440.0,,https://assets.shopdydy.com/assets/images/thumbnails/1689763169SzimpLZb.jpg,https://shopdydy.com/category/electronics/gaming,Electronics > Gaming
Unknown Product,430.0,,https://assets.shopdydy.com/assets/images/thumbnails/1689762795sTx62t6g.jpg,https://shopdydy.com/category/electronics/gaming,Electronics > Gaming
Unknown Product,435.0,,https://assets.shopdydy.com/assets/images/thumbnails/1689762612QzsD6HAe.jpg,https://shopdydy.com/category/electronics/gaming,Electronics > Gaming
Unknown Product,640.0,,https://assets.shopdydy.com/assets/images/thumbnails/16897624777RTYXneJ.jpg,https://shopdydy.com/category/electronics/gaming,Electronics > Gaming
Unknown Product,380.0,,https://assets.shopdydy.com/assets/images/thumbnails/1689164002hylVn9fM.jpg,https://shopdydy.com/category/electronics/gaming,Electronics > Gaming
Unknown Product,3500.0,,https://assets.shopdydy.com/assets/images/thumbnails/1689000251I65uH4yz.jpg,https://shopdydy.com/category/electronics/gaming,Electronics > Gaming
Unknown Product,799.0,,https://assets.shopdydy.com/assets/images/thumbnails/1688998822ZtdWIUbE.jpg,https://shopdydy.com/category/electronics/gaming,Electronics > Gaming
Unknown Product,170.0,,https://assets.shopdydy.com/assets/images/thumbnails/1666093189yYHNQkYn.jpg,https://shopdydy.com/category/electronics/converter,Electronics > Converter
Unknown Product,220.0,,https://assets.shopdydy.com/assets/images/thumbnails/1666092698i39Kiu2c.jpg,https://shopdydy.com/category/electronics/converter,Electronics > Converter
Unknown Product,180.0,,https://assets.shopdydy.com/assets/images/thumbnails/1666092388ehKNFQPV.jpg,https://shopdydy.com/category/electronics/converter,Electronics > Converter
Unknown Product,560.0,,https://assets.shopdydy.com/assets/images/thumbnails/1688980675HQEjvl3A.jpg,https://shopdydy.com/category/electronics/bluetooth-devices,Electronics > Bluetooth Devices
Unknown Product,1199.0,,https://assets.shopdydy.com/assets/images/thumbnails/1688874299cttdTmil.jpg,https://shopdydy.com/category/electronics/scanners,Electronics > Scanners
Unknown Product,700.0,,https://assets.shopdydy.com/assets/images/thumbnails/1688984764zX9CgEyB.jpg,https://shopdydy.com/category/electronics/tv,Electronics > Tv
Unknown Product,550.0,,https://assets.shopdydy.com/assets/images/thumbnails/1689254866al0Bpt7u.jpg,https://shopdydy.com/category/electronics/smart-watches,Electronics > Smart Watches
Unknown Product,390.0,,https://assets.shopdydy.com/assets/images/thumbnails/16889937573bqXvPxA.jpg,https://shopdydy.com/category/electronics/smart-watches,Electronics > Smart Watches
